{
  "eye": {
    "orientation": [
      0,
      0.29552027583122253,
      0,
      0.9553365111351013
    ],
    "magnitude": 1,
    "position": [
      475.33404541015625,
      60,
      599.1736450195312
    ]
  },
  "radius": 793.2212524414062,
  "type": "PERSPECTIVE"
}