{
  "eye": {
    "orientation": [
      -0.7893401980400085,
      0.2791638672351837,
      -0.30395811796188354,
      0.4545536935329437
    ],
    "magnitude": 0.5773502588272095,
    "position": [
      1256.24267578125,
      504.1773681640625,
      115.79998779296875
    ]
  },
  "radius": 793.2212524414062,
  "type": "PERSPECTIVE"
}