{
  "eye": {
    "orientation": [
      0.7403786182403564,
      0.12317172437906265,
      0.011392980813980103,
      -0.6607106328010559
    ],
    "magnitude": 1,
    "position": [
      555.421142578125,
      331.3690490722656,
      439.0484619140625
    ]
  },
  "radius": 793.2212524414062,
  "type": "PERSPECTIVE"
}