{
  "eye": {
    "orientation": [
      -0.048037052154541016,
      0.22715269029140472,
      -0.6353778839111328,
      0.7364706993103027
    ],
    "magnitude": 1,
    "position": [
      273.74957275390625,
      45.883460998535156,
      350.2721252441406
    ]
  },
  "radius": 793.2212524414062,
  "type": "PERSPECTIVE"
}