{
  "eye": {
    "orientation": [
      -0.3633551597595215,
      -0.8062731623649597,
      -0.41522935032844543,
      0.21326279640197754
    ],
    "magnitude": 1,
    "position": [
      369.2198181152344,
      432.2586669921875,
      -174.51580810546875
    ]
  },
  "radius": 793.2212524414062,
  "type": "PERSPECTIVE"
}