{
  "eye": {
    "orientation": [
      0,
      0.45733851194381714,
      0,
      0.8892926573753357
    ],
    "magnitude": 1,
    "position": [
      640,
      360,
      300
    ]
  },
  "radius": 793.2212524414062,
  "type": "PERSPECTIVE"
}