{
  "eye": {
    "orientation": [
      -0.24714496731758118,
      0.9632901549339294,
      0.015178978443145752,
      0.10373608767986298
    ],
    "magnitude": 1,
    "position": [
      1041.7730712890625,
      443.4874572753906,
      -76.48641967773438
    ]
  },
  "radius": 793.2212524414062,
  "type": "PERSPECTIVE"
}