{
  "eye": {
    "orientation": [
      0.06368400156497955,
      0.07618853449821472,
      0.03150753676891327,
      0.9945586919784546
    ],
    "magnitude": 1,
    "position": [
      330.5309143066406,
      316.4217529296875,
      562.6975708007812
    ]
  },
  "radius": 793.2212524414062,
  "type": "PERSPECTIVE"
}